-- =========================
-- QA Bug Analytics - Final Data
-- Clean dataset with coherent bug histories
-- =========================

INSERT INTO projects (project_id, project_name, domain) VALUES
(1, 'Checkout', 'E-commerce'),
(2, 'Mobile App', 'Consumer'),
(3, 'Admin Portal', 'Internal Tools'),
(4, 'Support Center', 'Customer Service');

INSERT INTO developers (dev_id, dev_name, team) VALUES
(1, 'Ana', 'Backend'),
(2, 'Bruno', 'Frontend'),
(3, 'Carla', 'Mobile'),
(4, 'Diego', 'QA-Assist'),
(5, 'Elena', 'Backend'),
(6, 'Facu', 'Frontend'),
(7, 'Gabi', 'Fullstack');

INSERT INTO sprints (sprint_id, project_id, sprint_name, start_date, end_date) VALUES
(101, 1, 'S1-2026', '2026-01-05', '2026-01-18'),
(102, 1, 'S2-2026', '2026-01-19', '2026-02-01'),
(201, 2, 'S1-2026', '2026-01-05', '2026-01-18'),
(202, 2, 'S2-2026', '2026-01-19', '2026-02-01'),
(301, 3, 'S1-2026', '2026-02-02', '2026-02-15'),
(302, 3, 'S2-2026', '2026-02-16', '2026-03-01'),
(401, 4, 'S1-2026', '2026-02-02', '2026-02-15'),
(402, 4, 'S2-2026', '2026-02-16', '2026-03-01');

INSERT INTO bugs (bug_id, project_id, sprint_id, created_date, resolved_date, severity, priority, status, assignee_id, reporter, component, title) VALUES
(1, 1, 101, '2026-01-06', '2026-01-08', 'High', 'P1', 'Closed', 1, 'Nati', 'Payments', 'Card rejected intermittently'),
(2, 1, 101, '2026-01-07', NULL, 'Critical', 'P1', 'Blocked', 2, 'Nati', 'Checkout', 'Crash on confirm purchase'),
(3, 1, 101, '2026-01-10', '2026-01-14', 'Medium', 'P3', 'Closed', 2, 'Nati', 'UI', 'Button misaligned on Safari'),
(4, 1, 102, '2026-01-20', '2026-01-25', 'High', 'P2', 'Closed', 1, 'Nati', 'API', 'Discount not applied'),
(5, 1, 102, '2026-01-22', NULL, 'Low', 'P4', 'Open', NULL, 'Nati', 'UI', 'Typo in error message'),
(6, 2, 201, '2026-01-06', '2026-01-12', 'High', 'P2', 'Closed', 3, 'Nati', 'Login', 'Session expires too fast'),
(7, 2, 201, '2026-01-11', NULL, 'Critical', 'P1', 'In Progress', 3, 'Nati', 'Sync', 'Data loss when offline'),
(8, 2, 202, '2026-01-19', '2026-01-29', 'Medium', 'P3', 'Closed', 3, 'Nati', 'UI', 'Dark mode contrast issue'),
(9, 2, 202, '2026-01-23', NULL, 'High', 'P2', 'Open', 2, 'Nati', 'Payments', 'Apple Pay button missing'),
(10, 1, 102, '2026-01-30', '2026-02-03', 'Critical', 'P1', 'Closed', 1, 'Nati', 'Payments', 'Duplicate charge in rare cases'),
(11, 1, 101, '2026-01-05', NULL, 'High', 'P1', 'Blocked', 1, 'Nati', 'Payments', 'Crash when using Debit card'),
(12, 3, 301, '2026-02-03', '2026-02-05', 'High', 'P1', 'Closed', 5, 'Nati', 'Users', 'Deleted users still appear in search'),
(13, 3, 301, '2026-02-04', NULL, 'Critical', 'P1', 'Blocked', 7, 'Nati', 'Permissions', 'Admin role can access restricted settings'),
(14, 3, 301, '2026-02-05', '2026-02-12', 'Medium', 'P3', 'Closed', 6, 'Nati', 'UI', 'Table header overlaps filter on small screens'),
(15, 3, 301, '2026-02-07', NULL, 'Low', 'P4', 'Open', NULL, 'Nati', 'Notifications', 'Success toast has typo'),
(16, 3, 302, '2026-02-17', '2026-02-23', 'High', 'P2', 'Closed', 5, 'Nati', 'Reports', 'CSV export duplicates rows'),
(17, 3, 302, '2026-02-19', NULL, 'Critical', 'P1', 'In Progress', 7, 'Nati', 'Auth', 'Session remains active after logout'),
(18, 3, 302, '2026-02-20', '2026-02-27', 'Medium', 'P3', 'Closed', 6, 'Nati', 'Dashboard', 'Wrong KPI count after filter reset'),
(19, 4, 401, '2026-02-03', '2026-02-09', 'High', 'P2', 'Closed', 6, 'Nati', 'Tickets', 'Attachment preview fails intermittently'),
(20, 4, 401, '2026-02-05', NULL, 'Critical', 'P1', 'Open', 5, 'Nati', 'Chat', 'Agent chat disconnects during handoff'),
(21, 4, 401, '2026-02-08', '2026-02-13', 'Low', 'P4', 'Closed', 7, 'Nati', 'UI', 'Misaligned icon in knowledge base'),
(22, 4, 401, '2026-02-10', NULL, 'High', 'P2', 'Blocked', 5, 'Nati', 'Search', 'Search returns stale ticket status'),
(23, 4, 402, '2026-02-16', '2026-02-25', 'Critical', 'P1', 'Closed', 7, 'Nati', 'Routing', 'Priority tickets assigned to wrong queue'),
(24, 4, 402, '2026-02-17', NULL, 'Medium', 'P3', 'In Progress', 6, 'Nati', 'Reports', 'Daily report timezone offset is wrong'),
(25, 4, 402, '2026-02-18', '2026-03-02', 'High', 'P2', 'Closed', 5, 'Nati', 'SLA', 'SLA badge color does not update after status change'),
(26, 1, 101, '2026-01-09', '2026-01-16', 'Medium', 'P3', 'Closed', 2, 'Nati', 'Search', 'Coupon field loses focus while typing'),
(27, 1, 102, '2026-01-21', NULL, 'High', 'P2', 'In Progress', 1, 'Nati', 'API', 'Order status endpoint returns stale data'),
(28, 1, 102, '2026-01-24', '2026-02-02', 'High', 'P2', 'Closed', 2, 'Nati', 'Checkout', 'Guest checkout loops back to cart'),
(29, 1, 102, '2026-01-28', NULL, 'Critical', 'P1', 'Blocked', 1, 'Nati', 'Payments', '3DS challenge never loads on Safari'),
(30, 1, 101, '2026-01-12', '2026-01-17', 'Low', 'P4', 'Closed', 4, 'Nati', 'UI', 'Help tooltip overlaps total amount'),
(31, 2, 201, '2026-01-08', '2026-01-15', 'High', 'P2', 'Closed', 3, 'Nati', 'Notifications', 'Push notification opens wrong screen'),
(32, 2, 201, '2026-01-14', NULL, 'Medium', 'P3', 'Open', 3, 'Nati', 'Profile', 'Avatar upload spinner never disappears'),
(33, 2, 202, '2026-01-21', '2026-01-31', 'Critical', 'P1', 'Closed', 2, 'Nati', 'Login', 'Biometric login bypasses timeout'),
(34, 2, 202, '2026-01-25', NULL, 'Medium', 'P3', 'In Progress', 3, 'Nati', 'Sync', 'Favorites sync duplicates items'),
(35, 2, 202, '2026-01-27', '2026-02-04', 'High', 'P2', 'Closed', 2, 'Nati', 'Reports', 'Revenue chart misses weekend data');

INSERT INTO bug_status_history (hist_id, bug_id, changed_at, old_status, new_status, changed_by) VALUES
(1, 1, '2026-01-06 10:00', 'Open', 'In Progress', 'Ana'),
(2, 1, '2026-01-08 16:30', 'In Progress', 'Resolved', 'Ana'),
(3, 1, '2026-01-08 17:00', 'Resolved', 'Closed', 'Nati'),
(4, 2, '2026-01-07 09:10', 'Open', 'In Progress', 'Bruno'),
(5, 2, '2026-01-08 11:00', 'In Progress', 'Blocked', 'Bruno'),
(6, 3, '2026-01-10 11:00', 'Open', 'In Progress', 'Bruno'),
(7, 3, '2026-01-14 10:30', 'In Progress', 'Resolved', 'Bruno'),
(8, 3, '2026-01-15 09:10', 'Resolved', 'Closed', 'Nati'),
(9, 4, '2026-01-20 14:00', 'Open', 'In Progress', 'Ana'),
(10, 4, '2026-01-25 12:00', 'In Progress', 'Resolved', 'Ana'),
(11, 4, '2026-01-25 15:00', 'Resolved', 'Closed', 'Nati'),
(12, 5, '2026-01-22 13:00', 'Open', 'In Progress', 'Diego'),
(13, 5, '2026-01-23 09:20', 'In Progress', 'Open', 'Diego'),
(14, 6, '2026-01-06 09:10', 'Open', 'In Progress', 'Carla'),
(15, 6, '2026-01-10 15:30', 'In Progress', 'Resolved', 'Carla'),
(16, 6, '2026-01-11 10:00', 'Resolved', 'Open', 'Nati'),
(17, 6, '2026-01-11 15:00', 'Open', 'In Progress', 'Carla'),
(18, 6, '2026-01-12 14:00', 'In Progress', 'Resolved', 'Carla'),
(19, 6, '2026-01-12 18:00', 'Resolved', 'Closed', 'Nati'),
(20, 7, '2026-01-11 10:00', 'Open', 'In Progress', 'Carla'),
(21, 7, '2026-01-13 16:00', 'In Progress', 'Blocked', 'Carla'),
(22, 7, '2026-01-15 09:00', 'Blocked', 'In Progress', 'Carla'),
(23, 8, '2026-01-19 10:00', 'Open', 'In Progress', 'Carla'),
(24, 8, '2026-01-25 12:30', 'In Progress', 'Resolved', 'Carla'),
(25, 8, '2026-01-26 09:00', 'Resolved', 'Closed', 'Nati'),
(26, 8, '2026-01-27 11:15', 'Closed', 'Open', 'Nati'),
(27, 8, '2026-01-27 15:40', 'Open', 'In Progress', 'Carla'),
(28, 8, '2026-01-29 12:00', 'In Progress', 'Resolved', 'Carla'),
(29, 8, '2026-01-29 16:20', 'Resolved', 'Closed', 'Nati'),
(30, 9, '2026-01-23 10:00', 'Open', 'In Progress', 'Bruno'),
(31, 9, '2026-01-24 17:00', 'In Progress', 'Open', 'Bruno'),
(32, 10, '2026-01-30 10:00', 'Open', 'In Progress', 'Ana'),
(33, 10, '2026-02-01 11:00', 'In Progress', 'Resolved', 'Ana'),
(34, 10, '2026-02-01 16:00', 'Resolved', 'Open', 'Nati'),
(35, 10, '2026-02-02 09:20', 'Open', 'In Progress', 'Ana'),
(36, 10, '2026-02-03 13:00', 'In Progress', 'Resolved', 'Ana'),
(37, 10, '2026-02-03 16:30', 'Resolved', 'Closed', 'Nati'),
(38, 11, '2026-01-05 10:30', 'Open', 'In Progress', 'Ana'),
(39, 11, '2026-01-07 15:10', 'In Progress', 'Blocked', 'Ana'),
(40, 12, '2026-02-03 10:00', 'Open', 'In Progress', 'Elena'),
(41, 12, '2026-02-05 15:20', 'In Progress', 'Resolved', 'Elena'),
(42, 12, '2026-02-06 09:00', 'Resolved', 'Closed', 'Nati'),
(43, 13, '2026-02-04 11:15', 'Open', 'In Progress', 'Gabi'),
(44, 13, '2026-02-06 17:10', 'In Progress', 'Blocked', 'Gabi'),
(45, 14, '2026-02-05 14:00', 'Open', 'In Progress', 'Facu'),
(46, 14, '2026-02-09 12:40', 'In Progress', 'Resolved', 'Facu'),
(47, 14, '2026-02-10 09:10', 'Resolved', 'Open', 'Nati'),
(48, 14, '2026-02-11 10:00', 'Open', 'In Progress', 'Facu'),
(49, 14, '2026-02-12 16:30', 'In Progress', 'Resolved', 'Facu'),
(50, 14, '2026-02-13 09:20', 'Resolved', 'Closed', 'Nati'),
(51, 15, '2026-02-08 10:10', 'Open', 'In Progress', 'Diego'),
(52, 15, '2026-02-08 18:00', 'In Progress', 'Open', 'Diego'),
(53, 16, '2026-02-17 09:30', 'Open', 'In Progress', 'Elena'),
(54, 16, '2026-02-20 14:10', 'In Progress', 'Resolved', 'Elena'),
(55, 16, '2026-02-21 10:00', 'Resolved', 'Open', 'Nati'),
(56, 16, '2026-02-22 11:00', 'Open', 'In Progress', 'Elena'),
(57, 16, '2026-02-23 15:00', 'In Progress', 'Resolved', 'Elena'),
(58, 16, '2026-02-23 17:30', 'Resolved', 'Closed', 'Nati'),
(59, 17, '2026-02-19 10:00', 'Open', 'In Progress', 'Gabi'),
(60, 18, '2026-02-20 09:20', 'Open', 'In Progress', 'Facu'),
(61, 18, '2026-02-24 13:00', 'In Progress', 'Resolved', 'Facu'),
(62, 18, '2026-02-25 09:45', 'Resolved', 'Open', 'Nati'),
(63, 18, '2026-02-26 10:00', 'Open', 'In Progress', 'Facu'),
(64, 18, '2026-02-27 16:30', 'In Progress', 'Resolved', 'Facu'),
(65, 18, '2026-02-28 11:20', 'Resolved', 'Closed', 'Nati'),
(66, 19, '2026-02-03 11:00', 'Open', 'In Progress', 'Facu'),
(67, 19, '2026-02-05 16:00', 'In Progress', 'Blocked', 'Facu'),
(68, 19, '2026-02-07 09:00', 'Blocked', 'In Progress', 'Facu'),
(69, 19, '2026-02-09 15:40', 'In Progress', 'Resolved', 'Facu'),
(70, 19, '2026-02-10 10:30', 'Resolved', 'Closed', 'Nati'),
(71, 20, '2026-02-05 09:10', 'Open', 'In Progress', 'Elena'),
(72, 20, '2026-02-07 14:20', 'In Progress', 'Resolved', 'Elena'),
(73, 20, '2026-02-08 10:00', 'Resolved', 'Open', 'Nati'),
(74, 20, '2026-02-09 09:30', 'Open', 'In Progress', 'Elena'),
(75, 20, '2026-02-12 13:00', 'In Progress', 'Resolved', 'Elena'),
(76, 20, '2026-02-13 09:00', 'Resolved', 'Open', 'Nati'),
(77, 21, '2026-02-08 12:00', 'Open', 'In Progress', 'Gabi'),
(78, 21, '2026-02-13 11:10', 'In Progress', 'Resolved', 'Gabi'),
(79, 21, '2026-02-14 08:50', 'Resolved', 'Closed', 'Nati'),
(80, 22, '2026-02-10 15:00', 'Open', 'In Progress', 'Elena'),
(81, 22, '2026-02-12 17:15', 'In Progress', 'Blocked', 'Elena'),
(82, 23, '2026-02-16 10:00', 'Open', 'In Progress', 'Gabi'),
(83, 23, '2026-02-19 18:00', 'In Progress', 'Resolved', 'Gabi'),
(84, 23, '2026-02-20 09:10', 'Resolved', 'Open', 'Nati'),
(85, 23, '2026-02-21 10:30', 'Open', 'In Progress', 'Gabi'),
(86, 23, '2026-02-25 14:00', 'In Progress', 'Resolved', 'Gabi'),
(87, 23, '2026-02-26 09:00', 'Resolved', 'Closed', 'Nati'),
(88, 24, '2026-02-17 11:00', 'Open', 'In Progress', 'Facu'),
(89, 25, '2026-02-18 09:40', 'Open', 'In Progress', 'Elena'),
(90, 25, '2026-02-24 16:20', 'In Progress', 'Resolved', 'Elena'),
(91, 25, '2026-02-25 10:00', 'Resolved', 'Open', 'Nati'),
(92, 25, '2026-02-27 09:00', 'Open', 'In Progress', 'Elena'),
(93, 25, '2026-03-02 15:00', 'In Progress', 'Resolved', 'Elena'),
(94, 25, '2026-03-03 09:30', 'Resolved', 'Closed', 'Nati'),
(95, 26, '2026-01-09 10:40', 'Open', 'In Progress', 'Bruno'),
(96, 26, '2026-01-12 12:10', 'In Progress', 'Resolved', 'Bruno'),
(97, 26, '2026-01-13 09:00', 'Resolved', 'Open', 'Nati'),
(98, 26, '2026-01-14 11:30', 'Open', 'In Progress', 'Bruno'),
(99, 26, '2026-01-16 14:20', 'In Progress', 'Resolved', 'Bruno'),
(100, 26, '2026-01-16 17:40', 'Resolved', 'Closed', 'Nati'),
(101, 27, '2026-01-21 10:00', 'Open', 'In Progress', 'Ana'),
(102, 27, '2026-01-24 15:30', 'In Progress', 'Blocked', 'Ana'),
(103, 27, '2026-01-26 09:30', 'Blocked', 'In Progress', 'Ana'),
(104, 28, '2026-01-24 12:00', 'Open', 'In Progress', 'Bruno'),
(105, 28, '2026-01-29 17:15', 'In Progress', 'Resolved', 'Bruno'),
(106, 28, '2026-01-30 10:20', 'Resolved', 'Open', 'Nati'),
(107, 28, '2026-01-31 11:00', 'Open', 'In Progress', 'Bruno'),
(108, 28, '2026-02-02 13:10', 'In Progress', 'Resolved', 'Bruno'),
(109, 28, '2026-02-02 17:30', 'Resolved', 'Closed', 'Nati'),
(110, 29, '2026-01-28 10:15', 'Open', 'In Progress', 'Ana'),
(111, 29, '2026-01-29 16:45', 'In Progress', 'Blocked', 'Ana'),
(112, 30, '2026-01-12 13:20', 'Open', 'In Progress', 'Diego'),
(113, 30, '2026-01-17 10:10', 'In Progress', 'Resolved', 'Diego'),
(114, 30, '2026-01-18 09:00', 'Resolved', 'Closed', 'Nati'),
(115, 31, '2026-01-08 11:20', 'Open', 'In Progress', 'Carla'),
(116, 31, '2026-01-12 14:10', 'In Progress', 'Resolved', 'Carla'),
(117, 31, '2026-01-13 09:30', 'Resolved', 'Open', 'Nati'),
(118, 31, '2026-01-14 10:00', 'Open', 'In Progress', 'Carla'),
(119, 31, '2026-01-15 16:40', 'In Progress', 'Resolved', 'Carla'),
(120, 31, '2026-01-16 09:20', 'Resolved', 'Closed', 'Nati'),
(121, 32, '2026-01-14 15:00', 'Open', 'In Progress', 'Carla'),
(122, 32, '2026-01-16 17:30', 'In Progress', 'Open', 'Carla'),
(123, 33, '2026-01-21 09:00', 'Open', 'In Progress', 'Bruno'),
(124, 33, '2026-01-26 15:00', 'In Progress', 'Resolved', 'Bruno'),
(125, 33, '2026-01-27 09:40', 'Resolved', 'Open', 'Nati'),
(126, 33, '2026-01-28 10:15', 'Open', 'In Progress', 'Bruno'),
(127, 33, '2026-01-31 14:10', 'In Progress', 'Resolved', 'Bruno'),
(128, 33, '2026-01-31 18:00', 'Resolved', 'Closed', 'Nati'),
(129, 34, '2026-01-25 10:20', 'Open', 'In Progress', 'Carla'),
(130, 34, '2026-01-28 13:00', 'In Progress', 'Blocked', 'Carla'),
(131, 34, '2026-01-30 09:30', 'Blocked', 'In Progress', 'Carla'),
(132, 35, '2026-01-27 11:00', 'Open', 'In Progress', 'Bruno'),
(133, 35, '2026-01-31 16:30', 'In Progress', 'Resolved', 'Bruno'),
(134, 35, '2026-02-01 10:10', 'Resolved', 'Open', 'Nati'),
(135, 35, '2026-02-02 11:20', 'Open', 'In Progress', 'Bruno'),
(136, 35, '2026-02-04 15:00', 'In Progress', 'Resolved', 'Bruno'),
(137, 35, '2026-02-04 18:20', 'Resolved', 'Closed', 'Nati');
(138, 2, '2026-01-09 10:00', 'Blocked', 'In Progress', 'Bruno'),
(139, 2, '2026-01-10 14:30', 'In Progress', 'Blocked', 'Bruno'),
(140, 2, '2026-01-12 09:00', 'Blocked', 'In Progress', 'Bruno'),
(141, 7, '2026-01-16 11:00', 'In Progress', 'Blocked', 'Carla'),
(142, 7, '2026-01-17 15:30', 'Blocked', 'In Progress', 'Carla'),
(143, 22, '2026-02-14 10:00', 'Blocked', 'In Progress', 'Elena'),
(144, 22, '2026-02-15 16:00', 'In Progress', 'Blocked', 'Elena'),
(145, 29, '2026-01-30 10:30', 'Blocked', 'In Progress', 'Ana'),
(146, 29, '2026-01-31 13:00', 'In Progress', 'Blocked', 'Ana'),
(147, 29, '2026-02-01 09:00', 'Blocked', 'In Progress', 'Ana');